name,datetime,temp,feelslike,dew,humidity,precip,precipprob,preciptype,snow,snowdepth,windgust,windspeed,winddir,sealevelpressure,cloudcover,visibility,solarradiation,solarenergy,uvindex,severerisk,conditions,icon,stations
Manchester,2022-07-06T00:00:00,14.9,14.9,11.2,78.24,0,0,,0,0,12.6,11.7,289,1027.9,96.3,10,0,,0,10,Overcast,cloudy,"EGNM,EGCC,EGGP"
Manchester,2022-07-06T01:00:00,14.1,14.1,12.1,87.76,0,0,,0,0,9.4,3.6,248.8,1027.8,99.4,5.7,0,,0,10,Overcast,cloudy,"EGNM,EGCC,EGGP"
Manchester,2022-07-06T02:00:00,14.2,14.2,13.1,93.09,0,0,,0,0,11.2,5.7,280,1027,100,1.9,0,,0,10,Overcast,cloudy,"EGCC,EGGP"
Manchester,2022-07-06T03:00:00,14.1,14.1,13.9,98.43,0,0,,0,0,14.4,12.8,262,1026.9,99.4,6.6,0,,0,10,Overcast,cloudy,"EGNM,EGCC,EGGP"
Manchester,2022-07-06T04:00:00,14.5,14.5,13.4,93.11,0,0,,0,0,17.6,7.9,249.8,1027,100,21.4,0,,0,10,Overcast,cloudy,
Manchester,2022-07-06T05:00:00,14.7,14.7,13.5,92.52,0.1,0,rain,0,0,23,10.1,263.8,1027,100,19.9,0,,0,10,Overcast,cloudy,
Manchester,2022-07-06T06:00:00,14.8,14.8,13.4,91.33,0,0,,0,0,24.5,10.8,270.9,1026,98.4,19.9,4,0,0,10,Overcast,cloudy,
Manchester,2022-07-06T07:00:00,14.9,14.9,13.3,90.15,0,0,,0,0,24.5,10.8,264.3,1027,98.7,20.9,15,0.1,0,10,Overcast,cloudy,
Manchester,2022-07-06T08:00:00,15.4,15.4,12.9,85.05,0,0,,0,0,30.6,13.3,269.6,1027,96.4,24.1,38,0.1,0,10,Overcast,cloudy,
Manchester,2022-07-06T09:00:00,15.8,15.8,12.3,79.7,0,0,,0,0,35.3,15.5,281,1027,99.9,24.1,50,0.2,1,10,Overcast,cloudy,
Manchester,2022-07-06T10:00:00,16,16,13,82.38,0,0,rain,0,0,41,16.6,291.7,1027,99.3,24.1,155,0.6,2,10,Overcast,cloudy,
Manchester,2022-07-06T11:00:00,16.6,16.6,12.9,78.77,0,0,rain,0,0,38.2,16.6,287.5,1027,100,24.1,189,0.7,2,10,Overcast,cloudy,
Manchester,2022-07-06T12:00:00,17.2,17.2,13,76.33,0,0,,0,0,40.3,16.9,274.8,1026,88.4,24.1,289,1,3,10,Partially cloudy,partly-cloudy-day,
Manchester,2022-07-06T13:00:00,17.1,17.1,13,76.81,0,0,,0,0,44.3,17.6,280,1026,98.8,24.1,365,1.3,4,10,Overcast,cloudy,
Manchester,2022-07-06T14:00:00,18.1,18.1,12.8,71.18,0,0,,0,0,49.3,21.6,287.2,1026,99.9,24.1,327,1.2,3,10,Overcast,cloudy,
Manchester,2022-07-06T15:00:00,17.8,17.8,13.1,73.97,0,0,,0,0,51.1,22,287,1026,100,24.1,342,1.2,3,10,Overcast,cloudy,
Manchester,2022-07-06T16:00:00,17.9,17.9,13.3,74.48,0,0,,0,0,49.3,21.6,284.8,1026,100,24.1,383,1.4,4,10,Overcast,cloudy,
Manchester,2022-07-06T17:00:00,17.9,17.9,13.6,75.95,0,0,,0,0,49.3,19.1,276.1,1025,100,24.1,183,0.7,2,10,Overcast,cloudy,
Manchester,2022-07-06T18:00:00,17.7,17.7,13.7,77.41,0,0,rain,0,0,45.4,18,274,1025,100,24.1,116,0.4,1,10,Overcast,cloudy,
Manchester,2022-07-06T19:00:00,17.6,17.6,13.7,77.9,0,0,rain,0,0,41.8,16.9,277.3,1025,100,24.1,112,0.4,1,10,Overcast,cloudy,
Manchester,2022-07-06T20:00:00,17.3,17.3,13.9,80.43,0,19,,0,0,38.5,14.8,276.1,1024,95.7,24.1,117,0.4,1,10,Overcast,cloudy,
Manchester,2022-07-06T21:00:00,17,17,14.1,83.04,0,19,,0,0,38.2,16.9,277.8,1024,100,21.3,8,0,0,10,Overcast,cloudy,
Manchester,2022-07-06T22:00:00,16.7,16.7,14.3,85.74,0,19,rain,0,0,38.2,16.2,275.5,1024,100,24.1,1,0,0,10,Overcast,cloudy,
Manchester,2022-07-06T23:00:00,16.4,16.4,14.4,87.96,0.1,19,rain,0,0,38.5,16.9,284.7,1024,100,24.1,0,,0,10,Overcast,cloudy,
Manchester,2022-07-07T00:00:00,16.2,16.2,14.3,88.51,0,19,,0,0,37.8,15.1,302.4,1025,99.6,24.1,0,,0,10,Overcast,cloudy,
Manchester,2022-07-07T01:00:00,15.5,15.5,12.9,84.5,0.1,19,rain,0,0,36.7,16.2,309.5,1025,85.4,24.1,0,,0,10,Partially cloudy,partly-cloudy-night,
Manchester,2022-07-07T02:00:00,14.7,14.7,11.6,81.68,0,0,,0,0,38.5,16.2,301.5,1025,91.8,24.1,0,,0,10,Overcast,cloudy,
Manchester,2022-07-07T03:00:00,14.3,14.3,11.5,83.26,0,0,,0,0,36.7,14.8,300.2,1026,94.6,24.1,0,,0,10,Overcast,cloudy,
Manchester,2022-07-07T04:00:00,14.2,14.2,11.7,84.92,0,0,,0,0,33.5,13.7,303.7,1026,97.8,24.1,0,,0,10,Overcast,cloudy,
Manchester,2022-07-07T05:00:00,14,14,11.6,85.46,0,0,,0,0,30.2,13.3,301.2,1027,92.3,24.1,0,,0,10,Overcast,cloudy,
Manchester,2022-07-07T06:00:00,14,14,11.7,86.03,0,0,,0,0,29.5,11.9,304.5,1027,73.9,24.1,32,0.1,0,10,Partially cloudy,partly-cloudy-day,
Manchester,2022-07-07T07:00:00,14.3,14.3,11.8,84.93,0,0,,0,0,26.6,11.5,319.7,1027,58.3,24.1,145,0.5,1,10,Partially cloudy,partly-cloudy-day,
Manchester,2022-07-07T08:00:00,15.3,15.3,11.5,78.06,0,0,,0,0,25.9,10.4,327.7,1028,81.4,24.1,290,1,3,10,Partially cloudy,partly-cloudy-day,
Manchester,2022-07-07T09:00:00,16.5,16.5,11.3,71.35,0,0,,0,0,24.5,9.7,335.1,1029,84.7,24.1,439,1.6,4,10,Partially cloudy,partly-cloudy-day,
Manchester,2022-07-07T10:00:00,17.6,17.6,11.2,66.11,0,0,,0,0,22.7,9.4,324.8,1029,77,24.1,542,2,5,10,Partially cloudy,partly-cloudy-day,
Manchester,2022-07-07T11:00:00,19.1,19.1,10.9,58.99,0,0,,0,0,25.6,10.4,324,1029,68.9,24.1,637,2.3,6,10,Partially cloudy,partly-cloudy-day,
Manchester,2022-07-07T12:00:00,20.4,20.4,10.8,54.05,0,0,,0,0,29.2,11.5,318.1,1030,46.6,24.1,737,2.7,7,10,Partially cloudy,partly-cloudy-day,
Manchester,2022-07-07T13:00:00,21.1,21.1,11.2,53.17,0,0,,0,0,31,12.2,306.2,1030,43.4,24.1,850,3.1,9,10,Partially cloudy,partly-cloudy-day,
Manchester,2022-07-07T14:00:00,21,21,11.8,55.66,0,0,,0,0,37.1,15.5,290.7,1030,45,24.1,863,3.1,9,10,Partially cloudy,partly-cloudy-day,
Manchester,2022-07-07T15:00:00,19.7,19.7,12.1,61.52,0,0,,0,0,42.8,17.6,293.6,1031,41.9,24.1,828,3,8,10,Partially cloudy,partly-cloudy-day,
Manchester,2022-07-07T16:00:00,19.6,19.6,11.9,61.09,0,0,,0,0,41.8,16.2,301.2,1031,43,24.1,755,2.7,8,10,Partially cloudy,partly-cloudy-day,
Manchester,2022-07-07T17:00:00,19.4,19.4,11.4,59.85,0,0,,0,0,38.9,13.7,297.2,1031,30.2,24.1,647,2.3,6,10,Partially cloudy,partly-cloudy-day,
Manchester,2022-07-07T18:00:00,19.4,19.4,11.8,61.45,0,0,,0,0,33.1,13.3,300.8,1030,40.2,24.1,512,1.8,5,10,Partially cloudy,partly-cloudy-day,
Manchester,2022-07-07T19:00:00,18.4,18.4,12.6,68.94,0,0,,0,0,35.3,15.1,305.1,1031,62.3,24.1,362,1.3,4,10,Partially cloudy,partly-cloudy-day,
Manchester,2022-07-07T20:00:00,17.9,17.9,12.6,71.14,0,0,,0,0,34.9,14,306,1031,65,24.1,212,0.8,2,10,Partially cloudy,partly-cloudy-day,
Manchester,2022-07-07T21:00:00,16.6,16.6,13.1,79.81,0,0,,0,0,33.1,10.8,295.3,1031,58.9,24.1,80,0.3,1,10,Partially cloudy,partly-cloudy-day,
Manchester,2022-07-07T22:00:00,15.9,15.9,13.4,85.1,0,0,,0,0,29.2,11.2,300,1032,89.4,24.1,6,0,0,10,Partially cloudy,partly-cloudy-night,
Manchester,2022-07-07T23:00:00,15.4,15.4,13.7,89.6,0,0,,0,0,25.2,9,288.2,1032,88.7,24.1,0,,0,10,Partially cloudy,partly-cloudy-night,
Manchester,2022-07-08T00:00:00,15.2,15.2,14,92.55,0,0,,0,0,28.1,8.3,292.4,1032,81.3,24.1,0,,0,10,Partially cloudy,partly-cloudy-night,
Manchester,2022-07-08T01:00:00,15.1,15.1,13.8,91.94,0,0,,0,0,19.1,7.9,295.1,1032,79.5,24.1,0,,0,10,Partially cloudy,partly-cloudy-night,
Manchester,2022-07-08T02:00:00,15,15,13.7,91.93,0,0,,0,0,19.1,8.6,293.8,1032,80.6,24.1,0,,0,10,Partially cloudy,partly-cloudy-night,
Manchester,2022-07-08T03:00:00,14.8,14.8,13.5,91.92,0,0,,0,0,21.6,9.7,297.9,1032,86.4,24.1,0,,0,10,Partially cloudy,partly-cloudy-night,
Manchester,2022-07-08T04:00:00,14.6,14.6,13.1,90.72,0,0,,0,0,21.6,9.7,299.3,1032,90.7,23.5,0,,0,10,Overcast,cloudy,
Manchester,2022-07-08T05:00:00,14.3,14.3,12.6,89.52,0,0,,0,0,21.6,7.9,302.9,1032,70.8,24.1,0,,0,10,Partially cloudy,partly-cloudy-day,
Manchester,2022-07-08T06:00:00,14.2,14.2,12.5,89.51,0,0,,0,0,17.6,7.2,293.7,1032,55.2,24.1,28,0.1,0,10,Partially cloudy,partly-cloudy-day,
Manchester,2022-07-08T07:00:00,14.8,14.8,12.4,85.54,0,0,,0,0,26.6,11.5,304.7,1032,70.7,24.1,142,0.5,1,10,Partially cloudy,partly-cloudy-day,
Manchester,2022-07-08T08:00:00,16.2,16.2,12.6,79.23,0,0,,0,0,32,13,314.3,1032,94,24.1,292,1.1,3,10,Overcast,cloudy,
Manchester,2022-07-08T09:00:00,17.3,17.3,12.9,75.35,0,0,,0,0,29.2,11.5,317.5,1032,96.1,24.1,445,1.6,4,10,Overcast,cloudy,
Manchester,2022-07-08T10:00:00,17.7,17.7,13.1,74.44,0,0,,0,0,30.2,13.3,313.8,1032,99.8,24.1,589,2.1,6,10,Overcast,cloudy,
Manchester,2022-07-08T11:00:00,17.3,17.3,13.6,78.87,0,0,,0,0,31.3,11.5,301.5,1033,100,24.1,712,2.6,7,10,Overcast,cloudy,
Manchester,2022-07-08T12:00:00,17,17,13.7,80.91,0,0,,0,0,26.6,11.5,298.1,1033,100,24.1,802,2.9,8,10,Overcast,cloudy,
Manchester,2022-07-08T13:00:00,17.9,17.9,13.3,74.48,0,0,,0,0,28.1,12.2,305.9,1033,100,24.1,853,3.1,9,10,Overcast,cloudy,
Manchester,2022-07-08T14:00:00,18,18,13.6,75.47,0,0,,0,0,33.1,11.5,302.8,1033,100,24.1,863,3.1,9,10,Overcast,cloudy,
Manchester,2022-07-08T15:00:00,19.2,19.2,13.4,69.1,0,0,,0,0,32.8,14,300.6,1032,100,24.1,822,3,8,10,Overcast,cloudy,
Manchester,2022-07-08T16:00:00,19.5,19.5,13.7,69.16,0,0,,0,0,33.8,13,301,1032,88.3,24.1,725,2.6,7,10,Partially cloudy,partly-cloudy-day,
Manchester,2022-07-08T17:00:00,19.6,19.6,13.6,68.29,0,0,,0,0,31.7,13.3,307.4,1032,88.2,24.1,602,2.2,6,10,Partially cloudy,partly-cloudy-day,
Manchester,2022-07-08T18:00:00,19.6,19.6,13.7,68.73,0,0,,0,0,31.7,13,303.7,1031,90.4,24.1,493,1.8,5,10,Overcast,cloudy,
Manchester,2022-07-08T19:00:00,18.7,18.7,13.7,72.7,0,0,,0,0,30.6,11.5,303.2,1031,97,24.1,339,1.2,3,10,Overcast,cloudy,
Manchester,2022-07-08T20:00:00,17.9,17.9,13.7,76.45,0,0,,0,0,26.6,9.5,298.6,1031,75.1,24.1,207,0.7,2,10,Partially cloudy,partly-cloudy-day,
Manchester,2022-07-08T21:00:00,17.2,17.2,13.8,80.42,0,0,,0,0,22.7,7.4,293.9,1031,53.1,24.1,76,0.3,1,10,Partially cloudy,partly-cloudy-day,
Manchester,2022-07-08T22:00:00,16.5,16.5,13.9,84.61,0,0,,0,0,18.7,5.4,289.3,1031,31.2,24.1,6,0,0,10,Partially cloudy,partly-cloudy-night,
Manchester,2022-07-08T23:00:00,15.7,15.7,13.7,88.09,0,0,,0,0,16.3,5.2,284.7,1030.7,42.4,24.1,0,,0,10,Partially cloudy,partly-cloudy-night,
Manchester,2022-07-09T00:00:00,14.9,14.9,13.6,91.73,0,0,,0,0,13.9,4.9,280,1030.3,53.7,24.1,0,,0,10,Partially cloudy,partly-cloudy-night,
Manchester,2022-07-09T01:00:00,14.2,14.2,13.5,95.56,0,0,,0,0,11.5,4.7,275.4,1030,64.9,24.1,0,,0,10,Partially cloudy,partly-cloudy-night,
Manchester,2022-07-09T02:00:00,14.1,14.1,13.4,95.97,0,0,,0,0,10.9,4.2,268.8,1030,65.9,24.1,0,,0,10,Partially cloudy,partly-cloudy-night,
Manchester,2022-07-09T03:00:00,14,14,13.4,96.38,0,0,,0,0,10.3,3.7,262.2,1030,66.8,24.1,0,,0,10,Partially cloudy,partly-cloudy-night,
Manchester,2022-07-09T04:00:00,13.9,13.9,13.4,96.8,0,0,,0,0,9.7,3.2,255.6,1030,67.8,24.1,0,,0,10,Partially cloudy,partly-cloudy-night,
Manchester,2022-07-09T05:00:00,14.3,14.3,13.6,95.56,0,0,,0,0,10.8,4,255,1030,72,24.1,0,,0,10,Partially cloudy,partly-cloudy-day,
Manchester,2022-07-09T06:00:00,14.7,14.7,13.8,94.34,0,0,,0,0,11.9,4.7,254.3,1030,76.2,24.1,32,0.1,0,10,Partially cloudy,partly-cloudy-day,
Manchester,2022-07-09T07:00:00,15.1,15.1,14,93.14,0,0,,0,0,13,5.4,253.7,1030,80.4,24.1,146,0.5,1,10,Partially cloudy,partly-cloudy-day,
Manchester,2022-07-09T08:00:00,16.2,16.2,13.8,85.88,0,0,,0,0,19.4,8.2,269.2,1030,73.5,24.1,292,1.1,3,10,Partially cloudy,partly-cloudy-day,
Manchester,2022-07-09T09:00:00,17.3,17.3,13.7,79.23,0,0,,0,0,25.9,10.9,284.8,1030,66.7,24.1,448,1.6,4,10,Partially cloudy,partly-cloudy-day,
Manchester,2022-07-09T10:00:00,18.5,18.5,13.6,73.14,0,0,,0,0,32.4,13.7,300.3,1030,59.8,24.1,589,2.1,6,10,Partially cloudy,partly-cloudy-day,
Manchester,2022-07-09T11:00:00,19.2,19.2,12.9,67.03,0,0,,0,0,33,13.8,300.8,1029.7,56.4,24.1,707,2.5,7,10,Partially cloudy,partly-cloudy-day,
Manchester,2022-07-09T12:00:00,19.9,19.9,12.2,61.43,0,0,,0,0,33.6,13.9,301.2,1029.3,52.9,24.1,797,2.9,8,10,Partially cloudy,partly-cloudy-day,
Manchester,2022-07-09T13:00:00,20.6,20.6,11.6,56.3,0,0,,0,0,34.2,14,301.7,1029,49.5,24.1,848,3.1,8,10,Partially cloudy,partly-cloudy-day,
Manchester,2022-07-09T14:00:00,20.8,20.8,12,57.22,0,0,,0,0,36.1,14.8,305.3,1029,58,24.1,857,3.1,9,10,Partially cloudy,partly-cloudy-day,
Manchester,2022-07-09T15:00:00,21,21,12.4,58.16,0,0,,0,0,38,15.5,308.9,1029,66.5,24.1,825,3,8,10,Partially cloudy,partly-cloudy-day,
Manchester,2022-07-09T16:00:00,21.2,21.2,12.9,59.1,0,0,,0,0,40,16.2,312.5,1029,75,24.1,751,2.7,8,10,Partially cloudy,partly-cloudy-day,
Manchester,2022-07-09T17:00:00,20.7,20.7,13.1,61.75,0,0,,0,0,37.3,14.6,314.4,1028.7,62.4,24.1,643,2.3,6,10,Partially cloudy,partly-cloudy-day,
Manchester,2022-07-09T18:00:00,20.2,20.2,13.3,64.52,0,0,,0,0,34.7,13.1,316.2,1028.3,49.7,24.1,510,1.8,5,10,Partially cloudy,partly-cloudy-day,
Manchester,2022-07-09T19:00:00,19.7,19.7,13.5,67.42,0,0,,0,0,32,11.5,318.1,1028,37.1,24.1,362,1.3,4,10,Partially cloudy,partly-cloudy-day,
Manchester,2022-07-09T20:00:00,18.8,18.8,13.6,71.63,0,0,,0,0,27.6,9.6,314.8,1028.3,24.7,24.1,213,0.8,2,10,Partially cloudy,partly-cloudy-day,
Manchester,2022-07-09T21:00:00,17.9,17.9,13.7,76.12,0,0,,0,0,23.2,7.7,311.5,1028.7,12.4,24.1,80,0.3,1,10,Clear,clear-day,
Manchester,2022-07-09T22:00:00,17.1,17.1,13.8,80.92,0,0,,0,0,18.7,5.8,308.2,1029,0,24.1,5,0,0,10,Clear,clear-night,
Manchester,2022-07-09T23:00:00,16.2,16.2,13.7,85.5,0,0,,0,0,15.2,4.7,294.8,1028.7,0,24.1,0,,0,10,Clear,clear-night,
Manchester,2022-07-10T00:00:00,15.3,15.3,13.7,90.37,0,0,,0,0,11.8,3.6,281.4,1028.3,0,24.1,0,,0,10,Clear,clear-night,
Manchester,2022-07-10T01:00:00,14.4,14.4,13.7,95.56,0,0,,0,0,8.3,2.5,268,1028,0,24.1,0,,0,10,Clear,clear-night,
Manchester,2022-07-10T02:00:00,13.9,13.9,13.4,97.01,0,0,,0,0,7.1,2.5,237.2,1028,29.4,19.9,0,,0,10,Partially cloudy,partly-cloudy-night,
Manchester,2022-07-10T03:00:00,13.4,13.4,13.1,98.49,0,0,,0,0,5.9,2.5,206.3,1028,58.8,19.8,0,,0,10,Partially cloudy,partly-cloudy-night,
Manchester,2022-07-10T04:00:00,12.9,12.9,12.9,100,0,0,,0,0,4.7,2.5,175.5,1028,88.2,24.1,0,,0,10,Partially cloudy,partly-cloudy-night,
Manchester,2022-07-10T05:00:00,13,13,12.9,99.57,0,0,,0,0,5.3,2.2,166.5,1027.7,92.1,24.1,0,,0,10,Overcast,cloudy,
Manchester,2022-07-10T06:00:00,13.1,13.1,12.9,99.13,0,0,,0,0,5.9,1.8,157.6,1027.3,95.9,21.7,28,0.1,0,10,Overcast,cloudy,
Manchester,2022-07-10T07:00:00,13.2,13.2,13,98.7,0,0,,0,0,6.5,1.4,148.6,1027,99.8,24.1,137,0.5,1,10,Overcast,cloudy,
Manchester,2022-07-10T08:00:00,14.9,14.9,13.2,89.57,0,0,,0,0,8.3,2.2,204,1027,76.4,24.1,283,1,3,10,Partially cloudy,partly-cloudy-day,
Manchester,2022-07-10T09:00:00,16.7,16.7,13.5,81.4,0,0,,0,0,10.1,2.9,259.5,1027,52.9,24.1,435,1.6,4,10,Partially cloudy,partly-cloudy-day,
Manchester,2022-07-10T10:00:00,18.5,18.5,13.8,74.09,0,0,,0,0,11.9,3.6,314.9,1027,29.5,24.1,579,2.1,6,10,Partially cloudy,partly-cloudy-day,
Manchester,2022-07-10T11:00:00,20.9,20.9,10.1,50.02,0,0,,0,0,23,17.3,303.3,1027,61,24.1,697,2.5,7,10,Partially cloudy,partly-cloudy-day,
Manchester,2022-07-10T12:00:00,21.7,21.7,9.7,46.37,0,0,,0,0,22,17.3,304.7,1027,61.7,24.1,788,2.8,8,10,Partially cloudy,partly-cloudy-day,
Manchester,2022-07-10T13:00:00,22.4,22.4,9.7,44.43,0,0,,0,0,20.2,17.3,307.6,1027,100,24.1,838,3,8,10,Overcast,cloudy,
Manchester,2022-07-10T14:00:00,22.6,22.6,9.7,43.89,0,0,,0,0,19.1,16.9,310.3,1027,95.2,24.1,818,2.9,8,10,Overcast,cloudy,
Manchester,2022-07-10T15:00:00,22.7,22.7,9.9,44.22,0,0,,0,0,19.1,17.6,313.8,1027,100,24.1,808,2.9,8,10,Overcast,cloudy,
Manchester,2022-07-10T16:00:00,22,22,10.1,46.76,0,0,,0,0,19.1,16.9,315.9,1027,100,24.1,682,2.5,7,10,Overcast,cloudy,
Manchester,2022-07-10T17:00:00,21.4,21.4,10.2,48.84,0,0,,0,0,18.4,15.5,318.9,1026,35.3,24.1,584,2.1,6,10,Partially cloudy,partly-cloudy-day,
Manchester,2022-07-10T18:00:00,21,21,10.3,50.39,0,0,,0,0,17.6,14.8,319.8,1026,93.8,24.1,507,1.8,5,10,Overcast,cloudy,
Manchester,2022-07-10T19:00:00,20,20,10.3,53.59,0,0,,0,0,15.8,12.2,320.1,1026,94.1,24.1,336,1.2,3,10,Overcast,cloudy,
Manchester,2022-07-10T20:00:00,18.5,18.5,10.4,59.24,0,4.8,,0,0,13.3,9.8,324,1026,64.4,24.1,255,0.9,3,10,Partially cloudy,partly-cloudy-day,
Manchester,2022-07-10T21:00:00,17,17,10.5,65.56,0,4.8,,0,0,10.8,7.4,327.9,1026,34.7,24.1,174,0.6,2,10,Partially cloudy,partly-cloudy-day,
Manchester,2022-07-10T22:00:00,15.6,15.6,10.7,72.62,0,4.8,,0,0,8.3,5,331.8,1026,5,24.1,93,0.3,0,10,Clear,clear-night,
Manchester,2022-07-10T23:00:00,15.1,15.1,10.5,73.84,0,4.8,,0,0,6.1,4.1,234.5,1026,4.8,24.1,62,0.2,0,10,Clear,clear-night,
Manchester,2022-07-11T00:00:00,14.7,14.7,10.3,75.09,0,4.8,,0,0,4,3.1,137.1,1026,4.6,24.1,31,0.1,0,10,Clear,clear-night,
Manchester,2022-07-11T01:00:00,14.3,14.3,10.2,76.37,0,4.8,,0,0,1.8,2.2,39.8,1026,4.4,24.1,0,,0,10,Clear,clear-night,
Manchester,2022-07-11T02:00:00,13.9,13.9,10.1,77.69,0,0,,0,0,1.3,1.4,55,1025.7,4.6,24.1,0,,0,10,Clear,clear-night,
Manchester,2022-07-11T03:00:00,13.6,13.6,10,79.04,0,0,,0,0,0.8,0.7,70.1,1025.3,4.8,24.1,0,,0,10,Clear,clear-night,
Manchester,2022-07-11T04:00:00,13.3,13.3,10,80.41,0,0,,0,0,0.4,0,85.3,1025,5,24.1,0,,0,10,Clear,clear-night,
Manchester,2022-07-11T05:00:00,13.9,13.9,10,77,0,0,,0,0,1,0.6,102.7,1025,35.3,24.1,18,0.1,0,10,Partially cloudy,partly-cloudy-day,
Manchester,2022-07-11T06:00:00,14.7,14.7,10,73.76,0,0,,0,0,1.6,1.2,120,1025,65.7,24.1,36,0.1,0,10,Partially cloudy,partly-cloudy-day,
Manchester,2022-07-11T07:00:00,15.4,15.4,10.1,70.67,0,0,,0,0,2.2,1.8,137.4,1025,96,24.1,54,0.2,1,10,Overcast,cloudy,
Manchester,2022-07-11T08:00:00,17.1,17.1,9.9,62.44,0,0,,0,0,2.6,2.4,163.4,1024.7,96.2,24.1,152,0.6,2,10,Overcast,cloudy,
Manchester,2022-07-11T09:00:00,18.9,18.9,9.7,55.26,0,0,,0,0,3.1,3,189.5,1024.3,96.4,24.1,250,0.9,3,10,Overcast,cloudy,
Manchester,2022-07-11T10:00:00,20.7,20.7,9.6,48.97,0,0,,0,0,3.6,3.6,215.5,1024,96.6,24.1,348,1.3,3,10,Overcast,cloudy,
Manchester,2022-07-11T11:00:00,22.3,22.3,8.8,42.08,0,0,,0,0,5.2,4.7,241.6,1023.7,66.6,24.1,486.3,1.8,5,10,Partially cloudy,partly-cloudy-day,
Manchester,2022-07-11T12:00:00,23.9,23.9,8,36.2,0,0,,0,0,6.7,5.8,267.8,1023.3,36.5,24.1,624.7,2.2,6,10,Partially cloudy,partly-cloudy-day,
Manchester,2022-07-11T13:00:00,25.6,25.6,7.3,31.16,0,0,,0,0,8.3,6.8,293.9,1023,6.5,24.1,763,2.7,8,10,Clear,clear-day,
Manchester,2022-07-11T14:00:00,25.9,25.9,7.5,30.99,0,0,,0,0,9.4,7.6,301.8,1022.7,37.7,24.1,768,2.7,8,10,Partially cloudy,partly-cloudy-day,
Manchester,2022-07-11T15:00:00,26.4,26.4,7.8,30.82,0,0,,0,0,10.4,8.3,309.6,1022.3,68.8,24.1,773,2.8,8,10,Partially cloudy,partly-cloudy-day,
Manchester,2022-07-11T16:00:00,26.8,26.3,8.1,30.65,0,0,,0,0,11.5,9,317.5,1022,100,24.1,778,2.8,8,10,Overcast,cloudy,
Manchester,2022-07-11T17:00:00,25.9,25.9,8.9,34.13,0,0,,0,0,10.9,9.7,331.1,1022,100,24.1,663.7,2.4,7,10,Overcast,cloudy,
Manchester,2022-07-11T18:00:00,25,25,9.7,38.01,0,0,,0,0,10.3,10.4,344.6,1022,100,24.1,549.3,2,5,10,Overcast,cloudy,
Manchester,2022-07-11T19:00:00,24.2,24.2,10.6,42.33,0,0,,0,0,9.7,11.2,358.2,1022,100,24.1,435,1.6,4,10,Overcast,cloudy,
Manchester,2022-07-11T20:00:00,22.6,22.6,10.7,46.95,0,4.8,,0,0,8.6,9.1,351.9,1022.3,99.9,24.1,314.3,1.2,3,10,Overcast,cloudy,
Manchester,2022-07-11T21:00:00,21.1,21.1,10.9,52.13,0,4.8,,0,0,7.6,7.1,345.5,1022.7,99.9,24.1,193.7,0.7,2,10,Overcast,cloudy,
Manchester,2022-07-11T22:00:00,19.6,19.6,11.1,57.94,0,4.8,,0,0,6.5,5,339.2,1023,99.8,24.1,73,0.3,0,10,Overcast,cloudy,
Manchester,2022-07-11T23:00:00,19.1,19.1,10.6,58.08,0,4.8,,0,0,4.9,3.8,304.4,1022.7,99.9,24.1,48.7,0.2,0,10,Overcast,cloudy,
Manchester,2022-07-12T00:00:00,18.6,18.6,10.2,58.21,0,4.8,,0,0,3.4,2.6,269.6,1022.3,99.9,24.1,24.3,0.1,0,10,Overcast,cloudy,
Manchester,2022-07-12T01:00:00,18.1,18.1,9.8,58.35,0,4.8,,0,0,1.8,1.4,234.8,1022,100,24.1,0,,0,10,Overcast,cloudy,
Manchester,2022-07-12T02:00:00,17.4,17.4,9.5,59.66,0,0,,0,0,2.3,2,226.2,1022,100,24.1,0,,0,10,Overcast,cloudy,
Manchester,2022-07-12T03:00:00,16.9,16.9,9.3,61,0,0,,0,0,2.8,2.6,217.7,1022,100,24.1,0,,0,10,Overcast,cloudy,
Manchester,2022-07-12T04:00:00,16.3,16.3,9.1,62.39,0,0,,0,0,3.2,3.2,209.1,1022,100,24.1,0,,0,10,Overcast,cloudy,
Manchester,2022-07-12T05:00:00,16.6,16.6,9.2,61.5,0,0,,0,0,4.1,3.5,205.1,1022,100,24.1,14.3,0.1,0,10,Overcast,cloudy,
Manchester,2022-07-12T06:00:00,17,17,9.3,60.62,0,0,,0,0,4.9,3.7,201,1022,100,24.1,28.7,0.1,0,10,Overcast,cloudy,
Manchester,2022-07-12T07:00:00,17.4,17.4,9.5,59.77,0,0,,0,0,5.8,4,197,1022,100,24.1,43,0.2,0,10,Overcast,cloudy,
Manchester,2022-07-12T08:00:00,18.6,18.6,9.6,55.92,0,0,,0,0,8,5.2,210.6,1022,93.9,24.1,110,0.4,1,10,Overcast,cloudy,
Manchester,2022-07-12T09:00:00,19.8,19.8,9.7,52.36,0,0,,0,0,10.3,6.4,224.3,1022,87.8,24.1,177,0.7,2,10,Partially cloudy,partly-cloudy-day,
Manchester,2022-07-12T10:00:00,21,21,9.9,49.06,0,0,,0,0,12.6,7.6,237.9,1022,81.7,24.1,244,0.9,2,10,Partially cloudy,partly-cloudy-day,
Manchester,2022-07-12T11:00:00,22.8,22.8,8.9,41.11,0,0,,0,0,16.6,9.2,243.7,1021.7,87.8,24.1,385.7,1.4,4,10,Partially cloudy,partly-cloudy-day,
Manchester,2022-07-12T12:00:00,24.7,24.7,8,34.49,0,0,,0,0,20.5,10.9,249.5,1021.3,93.9,24.1,527.3,1.9,5,10,Overcast,cloudy,
Manchester,2022-07-12T13:00:00,26.6,26.6,7.1,28.97,0,0,,0,0,24.5,12.6,255.3,1021,100,24.1,669,2.4,7,10,Overcast,cloudy,
Manchester,2022-07-12T14:00:00,26.6,26.6,7.3,29.25,0,0,,0,0,27.1,15.6,257.8,1020.7,99.4,24.1,650,2.3,7,10,Overcast,cloudy,
Manchester,2022-07-12T15:00:00,26.7,26.2,7.5,29.54,0,0,,0,0,29.8,18.6,260.2,1020.3,98.7,24.1,631,2.3,6,10,Overcast,cloudy,
Manchester,2022-07-12T16:00:00,26.8,26.3,7.7,29.83,0,0,,0,0,32.4,21.6,262.7,1020,98.1,24.1,612,2.2,6,10,Overcast,cloudy,
Manchester,2022-07-12T17:00:00,26,26,8,32,0,0,,0,0,30.5,19.6,266.5,1020,97.5,24.1,503.3,1.8,5,10,Overcast,cloudy,
Manchester,2022-07-12T18:00:00,25.2,25.2,8.4,34.33,0,0,,0,0,28.6,17.5,270.2,1020,97,24.1,394.7,1.4,4,10,Overcast,cloudy,
Manchester,2022-07-12T19:00:00,24.5,24.5,8.8,36.84,0,0,,0,0,26.6,15.5,274,1020,96.4,24.1,286,1,3,10,Overcast,cloudy,
Manchester,2022-07-12T20:00:00,23.3,23.3,8.8,39.78,0,4.8,,0,0,24.1,12.6,264.6,1020.3,72.1,24.1,219,0.8,2,10,Partially cloudy,partly-cloudy-day,
Manchester,2022-07-12T21:00:00,22.1,22.1,8.9,42.98,0,4.8,,0,0,21.6,9.7,255.1,1020.7,47.8,24.1,152,0.5,2,10,Partially cloudy,partly-cloudy-day,
Manchester,2022-07-12T22:00:00,20.9,20.9,9,46.46,0,4.8,,0,0,19.1,6.8,245.7,1021,23.5,24.1,85,0.3,0,10,Partially cloudy,partly-cloudy-night,
Manchester,2022-07-12T23:00:00,19.9,19.9,8.7,48.55,0,4.8,,0,0,17.4,6.5,234.9,1021,17,24.1,56.7,0.2,0,10,Clear,clear-night,
Manchester,2022-07-13T00:00:00,18.9,18.9,8.5,50.75,0,4.8,,0,0,15.7,6.1,224.2,1021,10.6,24.1,28.3,0.1,0,10,Clear,clear-night,
Manchester,2022-07-13T01:00:00,18,18,8.3,53.07,0,4.8,,0,0,14,5.8,213.4,1021,4.1,24.1,0,,0,10,Clear,clear-night,
Manchester,2022-07-13T02:00:00,17.4,17.4,8.3,55.13,0,4.8,,0,0,12.5,5.5,212.7,1020.7,10.4,24.1,0,,0,10,Clear,clear-night,
Manchester,2022-07-13T03:00:00,16.9,16.9,8.4,57.28,0,4.8,,0,0,10.9,5.3,211.9,1020.3,16.6,24.1,0,,0,10,Clear,clear-night,
Manchester,2022-07-13T04:00:00,16.4,16.4,8.5,59.53,0,4.8,,0,0,9.4,5,211.2,1020,22.9,24.1,0,,0,10,Partially cloudy,partly-cloudy-night,
Manchester,2022-07-13T05:00:00,16.8,16.8,9.6,62.51,0,4.8,,0,0,10.2,5.2,216,1020.3,26.8,24.1,8.3,0,0,10,Partially cloudy,partly-cloudy-day,
Manchester,2022-07-13T06:00:00,17.2,17.2,10.7,65.6,0,4.8,,0,0,11,5.3,220.8,1020.7,30.7,24.1,16.7,0.1,0,10,Partially cloudy,partly-cloudy-day,
Manchester,2022-07-13T07:00:00,17.7,17.7,11.9,68.8,0,4.8,,0,0,11.9,5.4,225.6,1021,34.6,24.1,25,0.1,0,10,Partially cloudy,partly-cloudy-day,
Manchester,2022-07-13T08:00:00,18.9,18.9,12.3,65.8,0,4.8,,0,0,13.6,6.5,239.2,1021,48.8,24.1,119.3,0.4,1,10,Partially cloudy,partly-cloudy-day,
Manchester,2022-07-13T09:00:00,20.1,20.1,12.8,62.97,0,4.8,,0,0,15.2,7.6,252.7,1021,62.9,24.1,213.7,0.8,2,10,Partially cloudy,partly-cloudy-day,
Manchester,2022-07-13T10:00:00,21.3,21.3,13.3,60.29,0,4.8,,0,0,16.9,8.6,266.3,1021,77.1,24.1,308,1.1,3,10,Partially cloudy,partly-cloudy-day,
Manchester,2022-07-13T11:00:00,20.9,20.9,13.6,62.76,0,4.8,,0,0,16.7,9.5,281.4,1021,78.8,24.1,306.3,1.1,3,10,Partially cloudy,partly-cloudy-day,
Manchester,2022-07-13T12:00:00,20.7,20.7,13.9,65.33,0,4.8,,0,0,16.4,10.3,296.5,1021,80.5,24.1,304.7,1.1,3,10,Partially cloudy,partly-cloudy-day,
Manchester,2022-07-13T13:00:00,20.4,20.4,14.3,68.01,0,4.8,,0,0,16.2,11.2,311.6,1021,82.2,24.1,303,1.1,3,10,Partially cloudy,partly-cloudy-day,
Manchester,2022-07-13T14:00:00,21.3,21.3,14.6,65.74,0,0,,0,0,18,13.1,307.8,1020.7,78.5,24.1,377.3,1.4,4,10,Partially cloudy,partly-cloudy-day,
Manchester,2022-07-13T15:00:00,22.2,22.2,14.9,63.58,0,0,,0,0,19.8,15,304.1,1020.3,74.9,24.1,451.7,1.6,5,10,Partially cloudy,partly-cloudy-day,
Manchester,2022-07-13T16:00:00,23.1,23.1,15.3,61.5,0,0,rain,0,0,21.6,16.9,300.3,1020,71.2,24.1,526,1.9,5,10,Partially cloudy,partly-cloudy-day,
Manchester,2022-07-13T17:00:00,21.3,21.3,15.2,67.91,0,0,,0,0,24.7,15.7,296.7,1020.3,80.8,23.1,420.3,1.5,4,10,Partially cloudy,partly-cloudy-day,
Manchester,2022-07-13T18:00:00,19.6,19.6,15.1,75.09,0,0,,0,0,27.8,14.5,293,1020.7,90.4,22,314.7,1.2,3,10,Overcast,cloudy,
Manchester,2022-07-13T19:00:00,17.9,17.9,15,83.15,0,0,,0,0,31,13.3,289.4,1021,100,21,209,0.8,2,10,Overcast,cloudy,
Manchester,2022-07-13T20:00:00,17.4,17.4,14.5,83.27,0,0,,0,0,29,12,292.7,1021.3,79.5,22,144.7,0.6,1,10,Partially cloudy,partly-cloudy-day,
Manchester,2022-07-13T21:00:00,16.9,16.9,14.1,83.4,0,0,,0,0,27.1,10.7,295.9,1021.7,59,23.1,80.3,0.3,1,10,Partially cloudy,partly-cloudy-day,
Manchester,2022-07-13T22:00:00,16.5,16.5,13.7,83.52,0,0,,0,0,25.2,9.4,299.2,1022,38.5,24.1,16,0.1,0,10,Partially cloudy,partly-cloudy-night,
Manchester,2022-07-13T23:00:00,15.7,15.7,13.5,86.57,0,0,,0,0,17.5,6.8,289,1022.3,27.8,24.1,10.7,0,0,10,Partially cloudy,partly-cloudy-night,
Manchester,2022-07-14T00:00:00,14.9,14.9,13.3,89.76,0,0,,0,0,9.8,4.3,278.8,1022.7,17.2,24.1,5.3,0,0,10,Clear,clear-night,
Manchester,2022-07-14T01:00:00,14.2,14.2,13.1,93.1,0,0,,0,0,2.2,1.8,268.6,1023,6.5,24.1,0,,0,10,Clear,clear-night,
Manchester,2022-07-14T02:00:00,13.9,13.9,13.1,95.13,0,0,,0,0,4,2.8,256.1,1023,32.6,22.8,0,,0,10,Partially cloudy,partly-cloudy-night,
Manchester,2022-07-14T03:00:00,13.6,13.6,13.2,97.22,0,0,,0,0,5.8,3.7,243.6,1023,58.6,21.5,0,,0,10,Partially cloudy,partly-cloudy-night,
Manchester,2022-07-14T04:00:00,13.4,13.4,13.3,99.35,0,0,,0,0,7.6,4.7,231.1,1023,84.7,20.2,0,,0,10,Partially cloudy,partly-cloudy-night,
Manchester,2022-07-14T05:00:00,13.9,13.9,12.4,90.87,0,0,,0,0,10.7,5.6,251.6,1023.3,58.3,21.5,13.3,0,0,10,Partially cloudy,partly-cloudy-day,
Manchester,2022-07-14T06:00:00,14.4,14.4,11.6,83.1,0,0,,0,0,13.8,6.6,272.2,1023.7,31.8,22.8,26.7,0.1,0,10,Partially cloudy,partly-cloudy-day,
Manchester,2022-07-14T07:00:00,15,15,10.8,75.97,0.1,0,rain,0,0,16.9,7.6,292.7,1024,5.4,24.1,40,0.1,0,10,Clear,clear-day,
Manchester,2022-07-14T08:00:00,16.1,16.1,10.1,67.88,0,0,,0,0,18.5,9.8,291,1024,11.5,24.1,166,0.6,2,10,Clear,clear-day,
Manchester,2022-07-14T09:00:00,17.2,17.2,9.5,60.66,0,0,,0,0,20,12.1,289.2,1024,17.7,24.1,292,1,3,10,Clear,clear-day,
Manchester,2022-07-14T10:00:00,18.3,18.3,8.9,54.24,0,0,,0,0,21.6,14.4,287.5,1024,23.8,24.1,418,1.5,4,10,Partially cloudy,partly-cloudy-day,
Manchester,2022-07-14T11:00:00,18.9,18.9,8.5,51.07,0,0,,0,0,23.5,16.4,289.6,1024,17.1,24.1,534,1.9,5,10,Clear,clear-day,
Manchester,2022-07-14T12:00:00,19.4,19.4,8.2,48.1,0,0,,0,0,25.4,18.5,291.8,1024,10.4,24.1,650,2.4,7,10,Clear,clear-day,
Manchester,2022-07-14T13:00:00,20.1,20.1,7.9,45.31,0,0,,0,0,27.4,20.5,293.9,1024,3.7,24.1,766,2.8,8,10,Clear,clear-day,
Manchester,2022-07-14T14:00:00,19.8,19.8,7.3,44.22,0,4.8,,0,0,26,20,300.2,1024.3,7,24.1,782,2.8,8,10,Clear,clear-day,
Manchester,2022-07-14T15:00:00,19.6,19.6,6.7,43.16,0,4.8,,0,0,24.7,19.6,306.5,1024.7,10.2,24.1,798,2.9,8,10,Clear,clear-day,
Manchester,2022-07-14T16:00:00,19.4,19.4,6.2,42.11,0,4.8,,0,0,23.4,19.1,312.8,1025,13.5,24.1,814,2.9,8,10,Clear,clear-day,
Manchester,2022-07-14T17:00:00,18.4,18.4,6,44.12,0,4.8,,0,0,22.6,18,317.8,1025,41.7,24.1,701.3,2.5,7,10,Partially cloudy,partly-cloudy-day,
Manchester,2022-07-14T18:00:00,17.4,17.4,5.8,46.24,0,4.8,,0,0,21.7,16.9,322.9,1025,70,24.1,588.7,2.1,6,10,Partially cloudy,partly-cloudy-day,
Manchester,2022-07-14T19:00:00,16.5,16.5,5.6,48.49,0,4.8,,0,0,20.9,15.8,327.9,1025,98.2,24.1,476,1.7,5,10,Overcast,cloudy,
Manchester,2022-07-14T20:00:00,15.5,15.5,6.3,54.25,0,9.5,,0,0,20.2,13,327.1,1025.3,87.9,24.1,342.7,1.2,3,10,Partially cloudy,partly-cloudy-day,
Manchester,2022-07-14T21:00:00,14.5,14.5,7,60.71,0,9.5,,0,0,19.4,10.1,326.2,1025.7,77.7,24.1,209.3,0.8,2,10,Partially cloudy,partly-cloudy-day,
Manchester,2022-07-14T22:00:00,13.5,13.5,7.7,67.95,0,9.5,,0,0,18.7,7.2,325.4,1026,67.4,24.1,76,0.3,0,10,Partially cloudy,partly-cloudy-night,
Manchester,2022-07-14T23:00:00,12.8,12.8,7.6,70.81,0,9.5,,0,0,15.4,6.5,221.3,1026,77.7,24.1,50.7,0.2,0,10,Partially cloudy,partly-cloudy-night,
Manchester,2022-07-15T00:00:00,12.1,12.1,7.5,73.8,0,9.5,,0,0,12,5.8,117.2,1026,88.1,24.1,25.3,0.1,0,10,Partially cloudy,partly-cloudy-night,
Manchester,2022-07-15T01:00:00,11.4,11.4,7.5,76.94,0,9.5,,0,0,8.6,5,13.1,1026,98.4,24.1,0,,0,10,Overcast,cloudy,
Manchester,2022-07-15T02:00:00,11.1,11.1,7,76.19,0,4.8,,0,0,7.1,4.8,19.6,1026,67.3,24.1,0,,0,10,Partially cloudy,partly-cloudy-night,
Manchester,2022-07-15T03:00:00,10.8,10.8,6.6,75.45,0,4.8,,0,0,5.5,4.6,26.2,1026,36.1,24.1,0,,0,10,Partially cloudy,partly-cloudy-night,
Manchester,2022-07-15T04:00:00,10.5,10.5,6.2,74.71,0,4.8,,0,0,4,4.3,32.7,1026,5,24.1,0,,0,10,Clear,clear-night,
Manchester,2022-07-15T05:00:00,11.2,11.2,6,70.34,0,4.8,,0,0,3.6,3.6,39.4,1026,36.2,24.1,15.7,0.1,0,10,Partially cloudy,partly-cloudy-day,
Manchester,2022-07-15T06:00:00,11.9,11.9,5.8,66.24,0,4.8,,0,0,3.2,2.9,46.2,1026,67.3,24.1,31.3,0.1,0,10,Partially cloudy,partly-cloudy-day,
Manchester,2022-07-15T07:00:00,12.7,12.7,5.7,62.4,0,4.8,,0,0,2.9,2.2,52.9,1026,98.5,24.1,47,0.2,0,10,Overcast,cloudy,
Manchester,2022-07-15T08:00:00,14.7,14.7,5.3,53.07,0,9.5,,0,0,3.6,2.4,92.5,1026,86.7,24.1,169,0.6,2,10,Partially cloudy,partly-cloudy-day,
Manchester,2022-07-15T09:00:00,16.8,16.8,4.9,45.22,0,9.5,,0,0,4.3,2.6,132.2,1026,74.8,24.1,291,1.1,3,10,Partially cloudy,partly-cloudy-day,
Manchester,2022-07-15T10:00:00,18.9,18.9,4.5,38.61,0,9.5,,0,0,5,2.9,171.8,1026,63,24.1,413,1.5,4,10,Partially cloudy,partly-cloudy-day,
Manchester,2022-07-15T11:00:00,20.5,20.5,4,33.77,0,9.5,,0,0,5.6,3.4,170.2,1025,73.1,24.1,524.7,1.9,5,10,Partially cloudy,partly-cloudy-day,
Manchester,2022-07-15T12:00:00,22.2,22.2,3.6,29.58,0,9.5,,0,0,6.2,3.8,168.7,1024,83.3,24.1,636.3,2.3,6,10,Partially cloudy,partly-cloudy-day,
Manchester,2022-07-15T13:00:00,23.9,23.9,3.2,25.94,0,9.5,,0,0,6.8,4.3,167.1,1023,93.4,24.1,748,2.7,7,10,Overcast,cloudy,
Manchester,2022-07-15T14:00:00,24.7,24.7,3.2,24.84,0,0,,0,0,7.4,5.4,166.4,1022.7,95.6,24.1,751,2.7,8,10,Overcast,cloudy,
Manchester,2022-07-15T15:00:00,25.4,25.4,3.3,23.79,0,0,,0,0,8,6.5,165.6,1022.3,97.8,24.1,754,2.7,8,10,Overcast,cloudy,
Manchester,2022-07-15T16:00:00,26.3,26.3,3.4,22.8,0,0,,0,0,8.6,7.6,164.9,1022,100,24.1,757,2.7,8,10,Overcast,cloudy,
Manchester,2022-07-15T17:00:00,25.8,25.8,4.5,25.44,0,0,,0,0,8.6,7.9,150,1021.7,100,24.1,613.7,2.2,6,10,Overcast,cloudy,
Manchester,2022-07-15T18:00:00,25.3,25.3,5.7,28.37,0,0,,0,0,8.6,8.3,135,1021.3,100,24.1,470.3,1.7,5,10,Overcast,cloudy,
Manchester,2022-07-15T19:00:00,24.9,24.9,6.9,31.61,0,0,,0,0,8.6,8.6,120.1,1021,100,24.1,327,1.2,3,10,Overcast,cloudy,
Manchester,2022-07-15T20:00:00,23.8,23.8,7.2,34.54,0,4.8,,0,0,12,8.9,103.2,1020.7,74.8,24.1,231.3,0.8,2,10,Partially cloudy,partly-cloudy-day,
Manchester,2022-07-15T21:00:00,22.7,22.7,7.5,37.77,0,4.8,,0,0,15.4,9.1,86.2,1020.3,49.5,24.1,135.7,0.5,1,10,Partially cloudy,partly-cloudy-day,
Manchester,2022-07-15T22:00:00,21.6,21.6,7.9,41.31,0,4.8,,0,0,18.7,9.4,69.3,1020,24.3,24.1,40,0.1,0,10,Partially cloudy,partly-cloudy-night,
Manchester,2022-07-15T23:00:00,20.5,20.5,8,44.42,0,4.8,,0,0,22.7,9.7,70.4,1020,49.5,24.1,26.7,0.1,0,10,Partially cloudy,partly-cloudy-night,
Manchester,2022-07-16T00:00:00,19.5,19.5,8.1,47.78,0,4.8,,0,0,26.6,10.1,71.6,1020,74.8,24.1,13.3,0,0,10,Partially cloudy,partly-cloudy-night,
Manchester,2022-07-16T01:00:00,18.5,18.5,8.3,51.43,0,4.8,,0,0,30.6,10.4,72.7,1020,100,24.1,0,,0,10,Overcast,cloudy,
Manchester,2022-07-16T02:00:00,17.7,17.7,8.4,54.59,0,9.5,,0,0,27.2,10.2,65.8,1019.7,100,24.1,0,,0,10,Overcast,cloudy,
Manchester,2022-07-16T03:00:00,17,17,8.7,57.96,0,9.5,,0,0,23.9,10,58.8,1019.3,100,24.1,0,,0,10,Overcast,cloudy,
Manchester,2022-07-16T04:00:00,16.3,16.3,8.9,61.55,0,9.5,,0,0,20.5,9.7,51.9,1019,100,24.1,0,,0,10,Overcast,cloudy,
Manchester,2022-07-16T05:00:00,16.9,16.9,9,59.53,0,9.5,,0,0,30.2,11.4,64.2,1018,90.9,19.8,10,0,0,10,Overcast,cloudy,
Manchester,2022-07-16T06:00:00,17.6,17.6,9.1,57.59,0,9.5,,0,0,40,13.1,76.4,1017,81.9,15.4,20,0.1,0,10,Partially cloudy,partly-cloudy-day,
Manchester,2022-07-16T07:00:00,18.3,18.3,9.3,55.72,0.2,9.5,rain,0,0,49.7,14.8,88.7,1016,72.8,11.1,30,0.1,0,10,Partially cloudy,partly-cloudy-day,
Manchester,2022-07-16T08:00:00,20.1,20.1,9.4,50.26,0,0,,0,0,52.1,18.5,91,1015,76.4,15.4,157.3,0.6,2,10,Partially cloudy,partly-cloudy-day,
Manchester,2022-07-16T09:00:00,21.9,21.9,9.5,45.4,0,0,,0,0,54.5,22.2,93.3,1014,80,19.8,284.7,1,3,10,Partially cloudy,partly-cloudy-day,
Manchester,2022-07-16T10:00:00,23.7,23.7,9.7,41.07,0.2,0,rain,0,0,56.9,25.9,95.6,1013,83.6,24.1,412,1.5,4,10,Partially cloudy,partly-cloudy-day,
Manchester,2022-07-16T11:00:00,26,26,9.2,34.77,0,0,,0,0,55.4,25.9,104.6,1012,89.1,24.1,496.3,1.8,5,10,Partially cloudy,partly-cloudy-day,
Manchester,2022-07-16T12:00:00,28.3,27.3,8.8,29.51,0,0,,0,0,54,25.9,113.7,1011,94.5,24.1,580.7,2.1,6,10,Overcast,cloudy,
Manchester,2022-07-16T13:00:00,30.6,28.9,8.4,25.09,0,0,,0,0,52.6,25.9,122.7,1010,100,24.1,665,2.4,7,10,Overcast,cloudy,
Manchester,2022-07-16T14:00:00,29.6,28.3,9.8,29.15,0,4.8,,0,0,49,24.5,134.5,1009.3,100,22.5,532.3,1.9,5,10,Overcast,cloudy,
Manchester,2022-07-16T15:00:00,28.6,27.8,11.2,33.84,0,4.8,,0,0,45.4,23,146.2,1008.7,100,20.8,399.7,1.5,4,10,Overcast,cloudy,
Manchester,2022-07-16T16:00:00,27.7,27.3,12.6,39.26,0.3,4.8,rain,0,0,41.8,21.6,158,1008,100,19.2,267,1,3,10,Overcast,cloudy,
Manchester,2022-07-16T17:00:00,27.5,27.2,12.4,39.23,0,4.8,,0,0,37,20.3,173.5,1007.7,67.5,20.8,307.3,1.1,3,10,Partially cloudy,partly-cloudy-day,
Manchester,2022-07-16T18:00:00,27.4,27.1,12.3,39.19,0,4.8,,0,0,32.2,19,189,1007.3,34.9,22.5,347.7,1.3,3,10,Partially cloudy,partly-cloudy-day,
Manchester,2022-07-16T19:00:00,27.3,27,12.2,39.15,0.2,4.8,rain,0,0,27.4,17.6,204.5,1007,2.4,24.1,388,1.4,4,3,Clear,clear-day,
Manchester,2022-07-16T20:00:00,24.2,24.2,12.3,47.48,0,0,,0,0,23,14.4,239,1007.7,1.6,24.1,289.3,1,3,10,Clear,clear-day,
Manchester,2022-07-16T21:00:00,21.1,21.1,12.5,57.82,0,0,,0,0,18.7,11.2,273.6,1008.3,0.9,24.1,190.7,0.7,2,10,Clear,clear-day,
Manchester,2022-07-16T22:00:00,18.1,18.1,12.7,70.72,0,0,,0,0,14.4,7.9,308.1,1009,0.1,24.1,92,0.3,0,10,Clear,clear-night,
Manchester,2022-07-16T23:00:00,17.5,17.5,12.4,72.02,0,0,,0,0,13.1,7.4,280.8,1009,17.9,24.1,61.3,0.2,0,10,Clear,clear-night,
Manchester,2022-07-17T00:00:00,17,17,12.2,73.36,0,0,,0,0,11.8,7,253.5,1009,35.6,24.1,30.7,0.1,0,10,Partially cloudy,partly-cloudy-night,
Manchester,2022-07-17T01:00:00,16.5,16.5,12,74.73,0,0,,0,0,10.4,6.5,226.2,1009,53.4,24.1,0,,0,10,Partially cloudy,partly-cloudy-night,
Manchester,2022-07-17T02:00:00,16,16,11.7,75.48,0,0,,0,0,18.1,8.8,223.5,1009,56.7,24.1,0,,0,10,Partially cloudy,partly-cloudy-night,
Manchester,2022-07-17T03:00:00,15.6,15.6,11.4,76.25,0,0,,0,0,25.8,11,220.9,1009,59.9,24.1,0,,0,10,Partially cloudy,partly-cloudy-night,
Manchester,2022-07-17T04:00:00,15.2,15.2,11.2,77.02,0,0,,0,0,33.5,13.3,218.2,1009,63.2,24.1,0,,0,10,Partially cloudy,partly-cloudy-night,
Manchester,2022-07-17T05:00:00,15.6,15.6,11.1,74.9,0,0,,0,0,31.9,13.8,222.1,1009.3,43.8,24.1,16.3,0.1,0,10,Partially cloudy,partly-cloudy-night,
Manchester,2022-07-17T06:00:00,16,16,11.1,72.85,0,0,,0,0,30.4,14.3,226.1,1009.7,24.5,24.1,32.7,0.1,0,10,Partially cloudy,partly-cloudy-day,
Manchester,2022-07-17T07:00:00,16.4,16.4,11.1,70.86,0,0,,0,0,28.8,14.8,230,1010,5.1,24.1,49,0.2,0,10,Clear,clear-day,
Manchester,2022-07-17T08:00:00,17.7,17.7,11.2,65.55,0,0,,0,0,31,17.5,241.4,1010.7,10.9,24.1,158.7,0.6,2,10,Clear,clear-day,
Manchester,2022-07-17T09:00:00,19,19,11.3,60.7,0,0,,0,0,33.1,20.3,252.7,1011.3,16.8,24.1,268.3,1,3,10,Clear,clear-day,
Manchester,2022-07-17T10:00:00,20.4,20.4,11.4,56.25,0,0,,0,0,35.3,23,264.1,1012,22.6,24.1,378,1.4,4,10,Partially cloudy,partly-cloudy-day,
Manchester,2022-07-17T11:00:00,21.3,21.3,10.6,50.59,0,0,,0,0,35.6,23,266.8,1012.7,48.4,24.1,497,1.8,5,10,Partially cloudy,partly-cloudy-day,
Manchester,2022-07-17T12:00:00,22.2,22.2,9.9,45.5,0,0,,0,0,36,23,269.6,1013.3,74.2,24.1,616,2.2,6,10,Partially cloudy,partly-cloudy-day,
Manchester,2022-07-17T13:00:00,23.2,23.2,9.2,40.93,0,0,,0,0,36.4,23,272.3,1014,100,24.1,735,2.6,7,10,Overcast,cloudy,
Manchester,2022-07-17T14:00:00,23.3,23.3,10.4,44.01,0,14.3,,0,0,33.5,22.3,277.3,1014.3,100,24.1,726.3,2.6,7,10,Overcast,cloudy,
Manchester,2022-07-17T15:00:00,23.5,23.5,11.6,47.29,0,14.3,,0,0,30.6,21.6,282.3,1014.7,99.9,24.1,717.7,2.6,7,10,Overcast,cloudy,
Manchester,2022-07-17T16:00:00,23.7,23.7,12.9,50.77,0,14.3,,0,0,27.7,20.9,287.3,1015,99.9,24.1,709,2.6,7,10,Overcast,cloudy,
Manchester,2022-07-17T17:00:00,22.6,22.6,13.3,55.7,0,14.3,,0,0,25.4,18.1,289.7,1015.3,96.8,24.1,532.3,1.9,5,10,Overcast,cloudy,
Manchester,2022-07-17T18:00:00,21.5,21.5,13.7,61.13,0,14.3,,0,0,23.2,15.4,292.1,1015.7,93.6,24.1,355.7,1.3,4,10,Overcast,cloudy,
Manchester,2022-07-17T19:00:00,20.4,20.4,14.1,67.13,0,14.3,,0,0,20.9,12.6,294.5,1016,90.5,24.1,179,0.6,2,10,Overcast,cloudy,
Manchester,2022-07-17T20:00:00,20,20,14.4,70.17,0,4.8,,0,0,20,11.6,274.7,1016.3,93.7,24.1,127,0.4,1,10,Overcast,cloudy,
Manchester,2022-07-17T21:00:00,19.6,19.6,14.7,73.34,0,4.8,,0,0,19.2,10.7,255,1016.7,96.8,24.1,75,0.3,1,10,Overcast,cloudy,
Manchester,2022-07-17T22:00:00,19.3,19.3,15.1,76.66,0.1,4.8,rain,0,0,18.4,9.7,235.2,1017,100,24.1,23,0.1,0,10,Overcast,cloudy,
Manchester,2022-07-17T23:00:00,18.6,18.6,15.2,80.61,0,4.8,,0,0,18.1,9.4,224,1016.7,97.1,24.1,15.3,0.1,0,10,Overcast,cloudy,
Manchester,2022-07-18T00:00:00,17.9,17.9,15.3,84.77,0,4.8,,0,0,17.9,9,212.7,1016.3,94.3,24.1,7.7,0,0,10,Overcast,cloudy,
Manchester,2022-07-18T01:00:00,17.3,17.3,15.5,89.17,0.1,4.8,rain,0,0,17.6,8.6,201.5,1016,91.4,24.1,0,,0,10,Overcast,cloudy,
Manchester,2022-07-18T02:00:00,16.7,16.7,15.3,91.84,0,9.5,,0,0,20.5,9.7,199.9,1015.3,94.3,17.3,0,,0,10,Overcast,cloudy,
Manchester,2022-07-18T03:00:00,16.1,16.1,15.2,94.6,0,9.5,,0,0,23.4,10.8,198.2,1014.7,97.1,10.4,0,,0,10,Overcast,cloudy,
Manchester,2022-07-18T04:00:00,15.5,15.5,15.1,97.46,2.3,9.5,rain,0,0,26.3,11.9,196.6,1014,100,3.6,0,,0,10,Overcast,cloudy,
Manchester,2022-07-18T05:00:00,15.4,15.4,15,97.88,0,9.5,,0,0,25.7,11.4,191.2,1013.7,100,3.3,0.3,0,0,10,Overcast,cloudy,
Manchester,2022-07-18T06:00:00,15.3,15.3,15,98.3,0,9.5,,0,0,25.1,10.9,185.9,1013.3,100,2.9,0.7,0,0,10,Overcast,cloudy,
Manchester,2022-07-18T07:00:00,15.2,15.2,15,98.72,10.7,9.5,rain,0,0,24.5,10.4,180.5,1013,100,2.6,1,0,0,10,Overcast,cloudy,
Manchester,2022-07-18T08:00:00,15.4,15.4,15.2,98.72,0,14.3,,0,0,25.2,10.4,180.8,1012.3,100,3.9,5,0,0,10,Overcast,cloudy,
Manchester,2022-07-18T09:00:00,15.6,15.6,15.4,98.73,0,14.3,,0,0,25.9,10.4,181,1011.7,100,5.2,9,0,0,10,Overcast,cloudy,
Manchester,2022-07-18T10:00:00,15.8,15.8,15.6,98.73,6.8,14.3,rain,0,0,26.6,10.4,181.3,1011,100,6.5,13,0,0,10,Overcast,cloudy,
Manchester,2022-07-18T11:00:00,15.9,15.9,15.8,98.73,0,14.3,,0,0,27.8,11.6,183.1,1010.3,100,6,30.7,0.1,0,10,Overcast,cloudy,
Manchester,2022-07-18T12:00:00,16.2,16.2,16,98.73,0,14.3,,0,0,29,12.8,184.8,1009.7,100,5.4,48.3,0.1,0,10,Overcast,cloudy,
Manchester,2022-07-18T13:00:00,16.4,16.4,16.2,98.73,3,14.3,rain,0,0,30.2,14,186.6,1009,100,4.9,66,0.2,1,10,Overcast,cloudy,
Manchester,2022-07-18T14:00:00,16.4,16.4,16.1,98.11,0,0,,0,0,33,15.8,205.8,1008.3,100,8.2,52.3,0.2,1,10,Overcast,cloudy,
Manchester,2022-07-18T15:00:00,16.4,16.4,16,97.48,0,0,,0,0,35.8,17.6,224.9,1007.7,100,11.5,38.7,0.1,0,10,Overcast,cloudy,
Manchester,2022-07-18T16:00:00,16.5,16.5,16,96.86,4.3,0,rain,0,0,38.5,19.4,244.1,1007,100,14.8,25,0.1,0,10,Overcast,cloudy,
Manchester,2022-07-18T17:00:00,16.2,16.2,15.7,97.06,0,0,,0,0,40.8,20.2,251,1007,100,11.7,29.3,0.1,0,10,Overcast,cloudy,
Manchester,2022-07-18T18:00:00,15.9,15.9,15.4,97.26,0,0,,0,0,43.1,20.9,257.9,1007,100,8.5,33.7,0.1,0,10,Overcast,cloudy,
Manchester,2022-07-18T19:00:00,15.6,15.6,15.2,97.47,0.4,0,rain,0,0,45.4,21.6,264.8,1007,100,5.4,38,0.1,0,10,Overcast,cloudy,
Manchester,2022-07-18T20:00:00,15.4,15.4,15,97.46,0,9.5,,0,0,42.1,19.6,266.1,1007.3,100,6.1,27.3,0.1,0,10,Overcast,cloudy,
Manchester,2022-07-18T21:00:00,15.2,15.2,14.8,97.46,0,9.5,,0,0,38.9,17.5,267.4,1007.7,100,6.8,16.7,0,0,10,Overcast,cloudy,
Manchester,2022-07-18T22:00:00,15,15,14.6,97.45,0.2,9.5,rain,0,0,35.6,15.5,268.7,1008,100,7.5,6,0,0,10,Overcast,cloudy,
Manchester,2022-07-18T23:00:00,15,15,14.5,97.25,0,9.5,,0,0,33.4,14.6,270.4,1008.7,99.7,11.6,4,0,0,10,Overcast,cloudy,
Manchester,2022-07-19T00:00:00,15,15,14.5,97.04,0,9.5,,0,0,31.1,13.8,272.1,1009.3,99.5,15.7,2,0,0,10,Overcast,cloudy,
Manchester,2022-07-19T01:00:00,15,15,14.5,96.83,0.1,9.5,rain,0,0,28.8,13,273.8,1010,99.2,19.8,0,,0,10,Overcast,cloudy,
Manchester,2022-07-19T02:00:00,14.9,14.9,14.5,97.24,0,4.8,,0,0,26.2,11,257.4,1010,99.5,15.3,0,,0,10,Overcast,cloudy,
Manchester,2022-07-19T03:00:00,14.9,14.9,14.5,97.66,0,4.8,,0,0,23.5,9.1,240.9,1010,99.7,10.7,0,,0,10,Overcast,cloudy,
Manchester,2022-07-19T04:00:00,14.9,14.9,14.6,98.08,0,4.8,,0,0,20.9,7.2,224.5,1010,100,6.2,0,,0,10,Overcast,cloudy,
Manchester,2022-07-19T05:00:00,14.9,14.9,14.6,97.66,0,4.8,,0,0,20,7.2,225.9,1010,100,11.1,3.7,0,0,10,Overcast,cloudy,
Manchester,2022-07-19T06:00:00,15,15,14.6,97.25,0,4.8,,0,0,19.2,7.2,227.4,1010,100,15.9,7.3,0,0,10,Overcast,cloudy,
Manchester,2022-07-19T07:00:00,15.1,15.1,14.6,96.83,0,4.8,rain,0,0,18.4,7.2,228.8,1010,100,20.8,11,0,0,10,Overcast,cloudy,
Manchester,2022-07-19T08:00:00,15.5,15.5,14.7,94.78,0,23.8,,0,0,18.7,7.8,209.8,1010,100,21.9,32.3,0.2,0,10,Overcast,cloudy,
Manchester,2022-07-19T09:00:00,15.9,15.9,14.8,92.79,0,23.8,,0,0,19.1,8.4,190.8,1010,100,23,53.7,0.3,1,10,Overcast,cloudy,
Manchester,2022-07-19T10:00:00,16.4,16.4,14.9,90.84,0.3,23.8,rain,0,0,19.4,9,171.8,1010,100,24.1,75,0.3,1,10,Overcast,cloudy,
Manchester,2022-07-19T11:00:00,16.5,16.5,14.7,89.11,0,23.8,,0,0,24.2,12.2,184.7,1009.7,100,23.7,111.3,0.4,1,10,Overcast,cloudy,
Manchester,2022-07-19T12:00:00,16.6,16.6,14.4,87.41,0,23.8,,0,0,29,15.5,197.7,1009.3,100,23.3,147.7,0.6,1,10,Overcast,cloudy,
Manchester,2022-07-19T13:00:00,16.7,16.7,14.3,85.74,0.2,23.8,rain,0,0,33.8,18.7,210.6,1009,100,22.9,184,0.7,2,10,Overcast,cloudy,
Manchester,2022-07-19T14:00:00,16.1,16.1,14.1,87.93,0,19,,0,0,38.8,19.8,201.1,1008.3,100,23.3,140.7,0.5,1,10,Overcast,cloudy,
Manchester,2022-07-19T15:00:00,15.5,15.5,13.9,90.19,0,19,,0,0,43.7,20.9,191.5,1007.7,100,23.7,97.3,0.4,1,10,Overcast,cloudy,
Manchester,2022-07-19T16:00:00,14.9,14.9,13.7,92.53,1.9,19,rain,0,0,48.6,22,182,1007,100,24.1,54,0.2,1,10,Overcast,cloudy,
Manchester,2022-07-19T17:00:00,15.6,15.6,14.1,90.98,0,19,,0,0,48.2,22.3,189,1006,100,23.9,73,0.3,1,10,Overcast,cloudy,
Manchester,2022-07-19T18:00:00,16.3,16.3,14.5,89.48,0,19,,0,0,47.9,22.7,195.9,1005,100,23.6,92,0.3,1,10,Overcast,cloudy,
Manchester,2022-07-19T19:00:00,17,17,15,88.01,0,19,,0,0,47.5,23,202.9,1004,100,23.4,111,0.4,1,10,Overcast,cloudy,
Manchester,2022-07-19T20:00:00,16.8,16.8,15.3,90.48,0,9.5,,0,0,47.3,21.8,205.8,1004.3,100,21.6,76,0.3,1,10,Overcast,cloudy,
Manchester,2022-07-19T21:00:00,16.7,16.7,15.6,93.03,0,9.5,,0,0,47,20.6,208.6,1004.7,100,19.9,41,0.1,0,10,Overcast,cloudy,
Manchester,2022-07-19T22:00:00,16.6,16.6,15.9,95.64,0.5,9.5,rain,0,0,46.8,19.4,211.5,1005,100,18.1,6,0,0,10,Overcast,cloudy,
Manchester,2022-07-19T23:00:00,16.4,16.4,15.6,94.62,0,9.5,,0,0,44.2,18.5,215.7,1005,98.6,20.1,4,0,0,10,Overcast,cloudy,
Manchester,2022-07-20T00:00:00,16.4,16.4,15.3,93.61,0,9.5,,0,0,41.5,17.5,220,1005,97.2,22.1,2,0,0,10,Overcast,cloudy,
Manchester,2022-07-20T01:00:00,16.3,16.3,15.1,92.61,0.5,9.5,rain,0,0,38.9,16.6,224.2,1005,95.8,24.1,0,,0,10,Overcast,cloudy,
Manchester,2022-07-20T02:00:00,16.1,16.1,15,93.4,0,19,,0,0,39.6,16.9,222.6,1004.7,97.2,22.6,0,,0,10,Overcast,cloudy,
Manchester,2022-07-20T03:00:00,15.9,15.9,15,94.19,0,19,,0,0,40.3,17.3,220.9,1004.3,98.5,21,0,,0,10,Overcast,cloudy,
Manchester,2022-07-20T04:00:00,15.8,15.8,15,95,0.8,19,rain,0,0,41,17.6,219.3,1004,99.9,19.5,0,,0,10,Overcast,cloudy,
Manchester,2022-07-20T05:00:00,15.4,15.4,14.2,92.56,0,19,,0,0,43.6,18.7,224.1,1004.3,77.7,21,13.3,0,0,10,Partially cloudy,partly-cloudy-night,
Manchester,2022-07-20T06:00:00,14.9,14.9,13.4,90.16,0,19,,0,0,46.1,19.8,228.8,1004.7,55.5,22.6,26.7,0.1,0,10,Partially cloudy,partly-cloudy-day,
Manchester,2022-07-20T07:00:00,14.6,14.6,12.6,87.8,0.5,19,rain,0,0,48.6,20.9,233.6,1005,33.3,24.1,40,0.1,0,10,Partially cloudy,partly-cloudy-day,
Manchester,2022-07-20T08:00:00,15.4,15.4,11.4,76.89,0,14.3,,0,0,45.5,22.1,233.9,1005.3,22.4,24.1,137.7,0.5,1,10,Partially cloudy,partly-cloudy-day,
Manchester,2022-07-20T09:00:00,16.2,16.2,10.2,67.31,0,14.3,,0,0,42.4,23.3,234.3,1005.7,11.4,24.1,235.3,0.8,2,10,Clear,clear-day,
Manchester,2022-07-20T10:00:00,17.1,17.1,9,58.9,0.2,14.3,rain,0,0,39.2,24.5,234.6,1006,0.5,24.1,333,1.2,3,10,Clear,clear-day,
Manchester,2022-07-20T11:00:00,17.8,17.8,8.6,54.74,0,14.3,,0,0,39.4,24.7,241.5,1006.3,12.9,24.1,481.7,1.7,5,10,Clear,clear-day,
Manchester,2022-07-20T12:00:00,18.6,18.6,8.2,50.89,0,14.3,,0,0,39.5,25,248.3,1006.7,25.2,24.1,630.3,2.3,6,10,Partially cloudy,partly-cloudy-day,
Manchester,2022-07-20T13:00:00,19.4,19.4,7.9,47.32,0,14.3,,0,0,39.6,25.2,255.2,1007,37.6,24.1,779,2.8,8,10,Partially cloudy,partly-cloudy-day,
Manchester,2022-07-20T14:00:00,19.5,19.5,7.6,46.19,0,14.3,,0,0,39.2,25.3,256,1007.3,35.9,24.1,786.7,2.8,8,10,Partially cloudy,partly-cloudy-day,
Manchester,2022-07-20T15:00:00,19.6,19.6,7.4,45.08,0,14.3,,0,0,38.9,25.4,256.8,1007.7,34.3,24.1,794.3,2.9,8,10,Partially cloudy,partly-cloudy-day,
Manchester,2022-07-20T16:00:00,19.8,19.8,7.2,44,0,14.3,,0,0,38.5,25.6,257.6,1008,32.6,24.1,802,2.9,8,10,Partially cloudy,partly-cloudy-day,
Manchester,2022-07-20T17:00:00,19.3,19.3,7.6,46.76,0,14.3,,0,0,38.3,24.2,254.3,1008.3,22,24.1,695.7,2.5,7,10,Partially cloudy,partly-cloudy-day,
Manchester,2022-07-20T18:00:00,18.8,18.8,8.1,49.7,0,14.3,,0,0,38,22.9,251,1008.7,11.5,24.1,589.3,2.1,6,10,Clear,clear-day,
Manchester,2022-07-20T19:00:00,18.4,18.4,8.6,52.82,0,14.3,,0,0,37.8,21.6,247.7,1009,0.9,24.1,483,1.7,5,10,Clear,clear-day,
Manchester,2022-07-20T20:00:00,17.4,17.4,8.6,56.25,0,14.3,,0,0,38.2,20.4,245.9,1009.7,2.3,24.1,350.3,1.2,4,10,Clear,clear-day,
Manchester,2022-07-20T21:00:00,16.4,16.4,8.6,59.93,0,14.3,,0,0,38.5,19.2,244,1010.3,3.6,24.1,217.7,0.8,2,10,Clear,clear-day,
Manchester,2022-07-20T22:00:00,15.4,15.4,8.6,63.89,0,14.3,,0,0,38.9,18,242.2,1011,5,24.1,85,0.3,0,10,Clear,clear-night,
Manchester,2022-07-20T23:00:00,14.9,14.9,8.8,67.03,0,14.3,,0,0,37.7,16.9,245.7,1011.7,34.4,24.1,56.7,0.2,0,10,Partially cloudy,partly-cloudy-night,
